date,hour,day_of_week,temperature,rainfall,event_flag,burger_orders,fries_orders,wrap_orders,bucket_orders,drink_orders
2025-01-01,0,2,30.3,0.0,0,2,5,1,0,3
2025-01-01,1,2,29.6,0.0,0,3,4,0,1,4
2025-01-01,2,2,29.5,4.0,0,1,2,2,0,2
2025-01-01,3,2,29.4,0.0,0,3,1,0,2,2
2025-01-01,4,2,28.2,0.0,0,1,3,0,0,3
2025-01-01,5,2,27.5,0.0,0,3,1,0,2,3
2025-01-01,6,2,22.3,0.0,0,3,3,3,0,3
2025-01-01,7,2,28.2,0.0,0,2,2,1,0,2
2025-01-01,8,2,24.1,0.0,0,3,6,2,3,2
2025-01-01,9,2,22.2,0.0,0,5,3,1,3,6
2025-01-01,10,2,21.2,0.0,0,6,7,5,4,9
2025-01-01,11,2,22.7,0.0,0,9,12,6,4,16
2025-01-01,12,2,20.9,0.0,0,14,16,8,8,23
2025-01-01,13,2,19.1,5.9,0,21,23,14,10,33
2025-01-01,14,2,18.8,0.0,0,15,17,10,8,22
2025-01-01,15,2,19.6,0.0,0,9,15,9,7,20
2025-01-01,16,2,20.6,4.8,0,11,15,7,6,20
2025-01-01,17,2,19.3,0.0,0,11,14,5,5,17
2025-01-01,18,2,20.0,0.0,0,11,16,6,5,19
2025-01-01,19,2,25.9,0.0,0,13,16,8,6,24
2025-01-01,20,2,25.4,0.0,0,13,21,9,8,26
2025-01-01,21,2,28.1,0.4,0,13,17,9,7,24
2025-01-01,22,2,27.3,0.0,0,11,14,9,6,17
2025-01-01,23,2,27.9,0.0,0,8,9,5,3,13
2025-01-02,0,3,28.6,0.0,0,3,4,2,0,2
2025-01-02,1,3,32.1,0.0,0,3,2,2,2,3
2025-01-02,2,3,30.8,8.7,0,3,3,3,2,5
2025-01-02,3,3,29.2,0.0,0,2,1,0,2,3
2025-01-02,4,3,30.7,0.0,0,1,3,3,1,4
2025-01-02,5,3,30.5,0.0,0,1,2,2,1,5
2025-01-02,6,3,27.3,0.0,0,1,3,0,2,2
2025-01-02,7,3,25.2,0.0,0,3,1,0,0,3
2025-01-02,8,3,22.2,0.7,0,3,5,1,1,4
2025-01-02,9,3,26.1,0.0,0,2,4,2,3,4
2025-01-02,10,3,24.3,0.0,0,5,6,3,6,9
2025-01-02,11,3,24.3,0.0,0,11,14,7,5,17
2025-01-02,12,3,21.6,0.0,0,14,19,8,8,20
2025-01-02,13,3,19.1,0.0,0,14,20,13,6,23
2025-01-02,14,3,20.1,0.0,0,16,18,8,10,24
2025-01-02,15,3,23.5,0.0,0,12,16,7,6,22
2025-01-02,16,3,21.0,0.0,0,9,11,5,4,16
2025-01-02,17,3,21.0,0.0,0,9,12,5,4,15
2025-01-02,18,3,22.2,0.0,0,10,16,6,7,18
2025-01-02,19,3,24.6,0.0,0,16,17,10,6,22
2025-01-02,20,3,23.6,0.0,0,13,18,10,7,23
2025-01-02,21,3,25.5,0.0,0,12,16,10,7,24
2025-01-02,22,3,29.5,0.0,0,10,13,6,6,19
2025-01-02,23,3,29.4,0.0,0,6,10,7,4,13
2025-01-03,0,4,29.9,0.0,0,2,5,0,1,4
2025-01-03,1,4,32.1,0.0,0,2,2,1,0,2
2025-01-03,2,4,28.9,1.1,0,3,1,1,2,2
2025-01-03,3,4,29.5,0.0,0,3,1,1,2,2
2025-01-03,4,4,24.4,0.3,0,1,2,0,1,2
2025-01-03,5,4,29.6,0.0,0,2,2,4,2,2
2025-01-03,6,4,27.5,0.0,0,2,2,2,0,2
2025-01-03,7,4,27.4,0.0,0,1,1,0,0,4
2025-01-03,8,4,25.9,0.0,0,2,3,2,3,4
2025-01-03,9,4,23.9,1.4,0,4,5,2,4,6
2025-01-03,10,4,20.7,1.9,0,6,8,5,4,11
2025-01-03,11,4,19.8,0.0,0,9,14,8,6,15
2025-01-03,12,4,20.6,1.3,0,16,21,11,6,23
2025-01-03,13,4,21.1,0.0,0,14,21,11,9,25
2025-01-03,14,4,21.9,0.0,0,14,17,10,8,23
2025-01-03,15,4,18.2,2.6,0,11,16,8,6,24
2025-01-03,16,4,23.8,0.0,0,11,11,7,5,13
2025-01-03,17,4,19.0,0.0,1,32,38,17,14,46
2025-01-03,18,4,20.9,1.8,1,35,53,27,20,67
2025-01-03,19,4,22.9,0.0,1,42,56,27,24,74
2025-01-03,20,4,25.4,2.1,1,47,71,30,26,85
2025-01-03,21,4,25.9,2.3,1,45,62,28,25,84
2025-01-03,22,4,29.1,0.8,1,36,45,26,18,65
2025-01-03,23,4,28.6,5.2,0,9,13,5,4,17
2025-01-04,0,5,29.1,0.0,0,5,5,2,2,7
2025-01-04,1,5,31.5,0.0,0,4,4,3,2,10
2025-01-04,2,5,33.2,0.0,0,4,9,3,2,8
2025-01-04,3,5,35.4,4.6,0,8,7,3,2,10
2025-01-04,4,5,30.4,0.0,0,5,4,2,2,6
2025-01-04,5,5,30.6,0.0,0,4,4,4,3,6
2025-01-04,6,5,29.1,0.0,0,3,4,3,3,6
2025-01-04,7,5,27.4,0.0,0,4,7,3,3,7
2025-01-04,8,5,24.2,0.0,0,4,6,3,3,7
2025-01-04,9,5,24.7,0.0,0,7,12,5,6,15
2025-01-04,10,5,23.6,0.4,0,15,19,9,8,24
2025-01-04,11,5,20.6,0.0,0,26,31,15,16,39
2025-01-04,12,5,23.3,0.0,0,36,49,23,21,59
2025-01-04,13,5,23.3,0.0,0,40,55,22,30,64
2025-01-04,14,5,19.0,0.0,0,39,45,24,24,59
2025-01-04,15,5,18.4,0.0,0,28,37,19,18,46
2025-01-04,16,5,22.0,0.0,0,22,31,17,16,41
2025-01-04,17,5,23.9,0.9,1,79,106,49,51,129
2025-01-04,18,5,21.2,0.0,1,88,118,56,58,144
2025-01-04,19,5,22.6,0.0,1,104,142,70,74,179
2025-01-04,20,5,26.1,0.0,1,104,158,75,76,194
2025-01-04,21,5,28.5,0.0,1,104,135,69,70,186
2025-01-04,22,5,27.5,0.0,1,84,110,55,59,159
2025-01-04,23,5,34.5,0.0,0,21,27,16,12,38
2025-01-05,0,6,27.9,0.0,0,5,4,2,2,5
2025-01-05,1,6,31.5,0.0,0,4,4,2,2,7
2025-01-05,2,6,30.2,5.3,0,4,5,3,2,10
2025-01-05,3,6,31.9,0.0,0,4,6,3,4,6
2025-01-05,4,6,29.1,0.0,0,4,4,2,3,6
2025-01-05,5,6,30.8,0.0,0,3,5,2,3,6
2025-01-05,6,6,26.3,0.0,0,5,4,4,4,5
2025-01-05,7,6,26.0,0.0,0,4,4,4,2,6
2025-01-05,8,6,26.9,1.9,0,5,6,4,5,9
2025-01-05,9,6,27.9,0.0,0,9,11,4,4,13
2025-01-05,10,6,23.3,0.0,0,15,17,8,10,23
2025-01-05,11,6,19.9,0.0,0,26,33,19,15,39
2025-01-05,12,6,23.5,0.0,0,32,48,22,25,52
2025-01-05,13,6,23.0,0.0,0,36,54,25,25,60
2025-01-05,14,6,21.7,0.0,0,32,50,25,25,62
2025-01-05,15,6,21.9,0.0,0,29,39,16,24,47
2025-01-05,16,6,22.4,0.0,0,21,32,17,16,41
2025-01-05,17,6,29.9,0.0,1,68,92,46,52,129
2025-01-05,18,6,25.1,0.0,1,87,110,57,61,148
2025-01-05,19,6,25.7,0.0,1,109,139,72,77,179
2025-01-05,20,6,24.1,0.0,1,110,149,74,82,194
2025-01-05,21,6,26.5,1.3,1,110,153,71,79,195
2025-01-05,22,6,24.6,0.0,1,85,115,57,57,144
2025-01-05,23,6,29.9,0.1,0,20,23,15,13,35
2025-01-06,0,0,29.2,1.5,0,1,3,1,1,5
2025-01-06,1,0,32.9,0.0,0,2,1,0,0,3
2025-01-06,2,0,32.0,0.1,0,3,1,0,1,3
2025-01-06,3,0,28.1,0.0,0,1,2,0,1,3
2025-01-06,4,0,34.5,0.0,0,1,2,1,0,3
2025-01-06,5,0,30.7,0.0,0,3,2,0,2,2
2025-01-06,6,0,24.3,0.0,0,1,1,3,2,6
2025-01-06,7,0,27.5,1.2,0,1,3,3,1,2
2025-01-06,8,0,24.3,0.3,0,1,3,1,2,4
2025-01-06,9,0,27.9,1.6,0,3,4,2,2,7
2025-01-06,10,0,25.3,6.2,0,6,11,7,3,10
2025-01-06,11,0,24.9,0.0,0,8,13,8,5,14
2025-01-06,12,0,25.8,0.0,0,13,17,8,6,22
2025-01-06,13,0,23.1,0.9,0,17,24,9,9,26
2025-01-06,14,0,20.4,1.4,0,13,19,10,6,28
2025-01-06,15,0,24.8,0.0,0,10,13,8,6,21
2025-01-06,16,0,21.0,0.0,0,10,11,6,5,17
2025-01-06,17,0,19.8,0.0,0,10,14,6,4,18
2025-01-06,18,0,22.5,0.0,1,35,48,24,18,58
2025-01-06,19,0,24.8,0.0,1,49,59,24,19,68
2025-01-06,20,0,28.2,0.0,1,46,61,28,23,80
2025-01-06,21,0,27.2,0.1,1,39,52,25,20,76
2025-01-06,22,0,28.0,0.0,1,32,44,23,18,56
2025-01-06,23,0,29.5,0.0,0,7,11,6,3,13
2025-01-07,0,1,26.6,0.0,0,1,2,0,0,3
2025-01-07,1,1,33.4,0.0,0,1,2,2,0,3
2025-01-07,2,1,32.4,0.0,0,4,2,1,1,2
2025-01-07,3,1,31.0,0.0,0,2,5,1,1,3
2025-01-07,4,1,29.4,0.0,0,1,3,3,1,3
2025-01-07,5,1,30.0,0.0,0,3,1,1,1,2
2025-01-07,6,1,27.3,0.0,0,4,3,2,0,3
2025-01-07,7,1,26.6,0.0,0,2,3,0,0,4
2025-01-07,8,1,26.8,0.0,0,2,4,2,0,3
2025-01-07,9,1,25.9,0.0,0,2,4,2,1,6
2025-01-07,10,1,24.6,0.0,0,7,7,3,3,10
2025-01-07,11,1,21.1,0.0,0,9,16,6,4,14
2025-01-07,12,1,18.1,0.0,0,14,19,7,6,23
2025-01-07,13,1,18.8,0.0,0,14,17,10,6,26
2025-01-07,14,1,24.1,0.0,0,15,17,9,6,28
2025-01-07,15,1,20.3,0.0,0,12,14,6,7,21
2025-01-07,16,1,21.7,0.0,0,8,11,7,4,15
2025-01-07,17,1,24.4,0.0,0,10,11,5,5,17
2025-01-07,18,1,23.1,4.7,0,14,23,10,8,22
2025-01-07,19,1,26.4,0.8,0,13,20,10,7,25
2025-01-07,20,1,29.9,0.0,0,14,21,8,8,26
2025-01-07,21,1,29.5,0.0,0,15,19,7,7,23
2025-01-07,22,1,30.9,0.0,0,12,15,8,5,18
2025-01-07,23,1,27.2,0.0,0,7,9,7,3,15
2025-01-08,0,2,29.1,0.0,0,2,3,1,1,4
2025-01-08,1,2,31.0,0.0,0,4,2,1,0,3
2025-01-08,2,2,30.6,0.0,0,2,3,0,1,5
2025-01-08,3,2,32.6,0.0,0,3,3,2,1,3
2025-01-08,4,2,31.8,0.0,0,1,1,2,0,3
2025-01-08,5,2,32.5,2.4,0,2,1,0,1,3
2025-01-08,6,2,27.8,8.6,0,2,3,2,0,3
2025-01-08,7,2,28.0,0.0,0,4,1,0,0,3
2025-01-08,8,2,28.5,0.0,0,1,4,1,0,3
2025-01-08,9,2,24.0,0.0,0,2,4,1,4,5
2025-01-08,10,2,22.4,3.0,0,5,7,5,4,9
2025-01-08,11,2,25.4,0.0,0,9,11,8,5,14
2025-01-08,12,2,23.6,0.0,0,15,16,10,8,22
2025-01-08,13,2,21.1,0.0,0,15,21,9,7,25
2025-01-08,14,2,21.2,0.3,0,13,21,10,7,23
2025-01-08,15,2,20.8,0.0,0,11,14,7,6,22
2025-01-08,16,2,24.4,0.0,0,9,12,5,5,14
2025-01-08,17,2,24.2,0.0,0,10,12,6,5,16
2025-01-08,18,2,20.8,0.0,0,15,16,6,5,18
2025-01-08,19,2,23.2,0.0,0,14,16,8,6,21
2025-01-08,20,2,26.3,0.0,0,16,20,13,7,24
2025-01-08,21,2,29.5,1.6,0,15,21,9,9,29
2025-01-08,22,2,28.8,0.0,0,11,14,8,6,21
2025-01-08,23,2,30.7,0.0,0,8,11,4,4,13
2025-01-09,0,3,35.0,0.0,0,3,4,3,1,3
2025-01-09,1,3,29.7,0.0,0,1,3,1,4,3
2025-01-09,2,3,35.8,0.0,0,3,1,1,0,3
2025-01-09,3,3,29.6,0.0,0,2,1,2,2,4
2025-01-09,4,3,26.5,0.0,0,2,4,2,1,2
2025-01-09,5,3,28.9,7.3,0,4,2,2,1,2
2025-01-09,6,3,25.0,0.0,0,1,3,0,0,3
2025-01-09,7,3,28.4,0.0,0,3,1,1,0,4
2025-01-09,8,3,27.9,0.0,0,2,2,3,1,5
2025-01-09,9,3,28.0,0.0,0,4,4,1,1,5
2025-01-09,10,3,23.7,0.0,0,5,9,3,2,11
2025-01-09,11,3,22.3,0.0,0,9,14,5,5,13
2025-01-09,12,3,22.6,0.0,0,12,18,10,6,25
2025-01-09,13,3,19.3,0.0,0,15,19,9,7,22
2025-01-09,14,3,21.9,0.0,0,13,17,8,7,25
2025-01-09,15,3,22.1,0.0,0,9,14,6,5,17
2025-01-09,16,3,21.8,0.0,0,9,11,5,5,15
2025-01-09,17,3,22.7,0.0,0,10,13,8,6,15
2025-01-09,18,3,26.9,0.0,0,11,14,7,5,21
2025-01-09,19,3,25.7,0.0,0,12,17,10,6,23
2025-01-09,20,3,25.7,0.0,0,13,22,8,11,25
2025-01-09,21,3,24.5,0.0,0,14,16,8,8,23
2025-01-09,22,3,26.1,0.0,0,9,15,7,5,19
2025-01-09,23,3,31.0,0.0,0,6,10,5,4,14
2025-01-10,0,4,29.2,0.0,0,2,3,1,0,2
2025-01-10,1,4,30.8,0.0,0,2,2,0,4,2
2025-01-10,2,4,31.8,0.0,0,2,3,0,2,2
2025-01-10,3,4,34.5,0.0,0,4,1,2,3,4
2025-01-10,4,4,32.9,0.0,0,1,2,1,0,3
2025-01-10,5,4,30.4,0.1,0,3,1,1,0,5
2025-01-10,6,4,30.3,0.0,0,3,2,1,0,2
2025-01-10,7,4,30.6,0.3,0,1,2,2,0,4
2025-01-10,8,4,23.1,0.0,0,4,3,2,0,4
2025-01-10,9,4,28.1,0.0,0,4,4,3,2,7
2025-01-10,10,4,24.4,0.0,0,5,6,3,2,11
2025-01-10,11,4,18.7,0.0,0,12,11,6,4,16
2025-01-10,12,4,24.2,0.0,0,16,18,9,6,22
2025-01-10,13,4,22.4,5.2,0,17,26,15,8,31
2025-01-10,14,4,18.1,0.0,0,15,20,9,6,23
2025-01-10,15,4,21.6,0.0,0,10,14,6,5,18
2025-01-10,16,4,18.1,0.0,0,10,11,6,5,14
2025-01-10,17,4,22.8,0.2,1,32,42,21,16,46
2025-01-10,18,4,21.8,0.0,1,34,49,24,19,56
2025-01-10,19,4,26.2,0.0,1,39,54,31,24,74
2025-01-10,20,4,30.7,0.4,1,50,61,29,21,80
2025-01-10,21,4,27.2,0.4,1,41,60,28,21,75
2025-01-10,22,4,27.4,0.3,1,33,46,22,16,61
2025-01-10,23,4,29.0,0.0,0,7,9,4,3,13
2025-01-11,0,5,29.9,0.0,0,4,5,3,4,6
2025-01-11,1,5,29.1,0.0,0,4,5,5,3,6
2025-01-11,2,5,30.3,0.0,0,4,4,4,3,5
2025-01-11,3,5,32.0,0.0,0,4,4,2,2,6
2025-01-11,4,5,30.8,0.0,0,5,6,4,2,7
2025-01-11,5,5,29.8,0.0,0,3,5,4,3,6
2025-01-11,6,5,28.2,0.0,0,6,4,4,4,6
2025-01-11,7,5,26.9,0.0,0,4,5,4,2,7
2025-01-11,8,5,23.7,0.0,0,4,6,2,4,9
2025-01-11,9,5,28.2,0.0,0,8,13,4,5,16
2025-01-11,10,5,25.4,0.0,0,16,20,8,9,24
2025-01-11,11,5,23.8,0.0,0,26,32,16,14,39
2025-01-11,12,5,22.1,0.0,0,32,43,24,20,57
2025-01-11,13,5,20.0,0.0,0,39,54,27,25,66
2025-01-11,14,5,20.2,0.8,0,37,47,24,25,59
2025-01-11,15,5,19.0,0.0,0,27,39,20,21,48
2025-01-11,16,5,20.8,0.0,0,24,33,16,18,37
2025-01-11,17,5,22.5,0.0,1,74,92,50,51,127
2025-01-11,18,5,26.3,0.0,1,84,114,56,61,150
2025-01-11,19,5,26.7,1.5,1,110,155,77,82,204
2025-01-11,20,5,29.8,0.0,1,109,147,71,74,210
2025-01-11,21,5,29.1,0.0,1,111,141,66,73,185
2025-01-11,22,5,27.5,0.0,1,82,111,59,54,147
2025-01-11,23,5,27.5,0.0,0,18,24,13,14,33
2025-01-12,0,6,28.4,0.0,0,5,6,6,2,6
2025-01-12,1,6,32.8,0.0,0,5,5,3,5,8
2025-01-12,2,6,30.6,0.0,0,3,4,5,3,6
2025-01-12,3,6,30.7,0.0,0,3,5,3,3,5
2025-01-12,4,6,31.3,0.0,0,4,6,2,5,6
2025-01-12,5,6,28.8,0.0,0,5,4,2,2,6
2025-01-12,6,6,28.9,0.0,0,3,4,4,2,7
2025-01-12,7,6,26.4,0.0,0,3,4,2,4,8
2025-01-12,8,6,25.7,0.0,0,5,6,2,3,9
2025-01-12,9,6,27.1,0.0,0,9,12,5,4,12
2025-01-12,10,6,24.6,0.0,0,12,18,10,8,26
2025-01-12,11,6,24.8,0.0,0,20,30,17,17,42
2025-01-12,12,6,21.2,0.0,0,38,46,21,21,55
2025-01-12,13,6,23.2,0.0,0,38,52,26,25,61
2025-01-12,14,6,18.6,0.0,0,33,52,26,22,56
2025-01-12,15,6,22.1,0.0,0,25,37,17,20,47
2025-01-12,16,6,23.8,0.0,0,26,31,16,15,39
2025-01-12,17,6,20.0,0.0,1,77,100,49,55,123
2025-01-12,18,6,23.1,0.0,1,92,117,58,58,146
2025-01-12,19,6,25.7,0.0,1,116,137,69,70,183
2025-01-12,20,6,28.9,0.0,1,113,153,78,82,206
2025-01-12,21,6,27.0,0.0,1,111,134,64,71,182
2025-01-12,22,6,30.4,0.0,1,87,115,53,56,149
2025-01-12,23,6,33.3,0.0,0,22,28,13,11,37
2025-01-13,0,0,32.5,0.0,0,2,1,0,1,3
2025-01-13,1,0,31.5,0.0,0,2,1,0,1,4
2025-01-13,2,0,32.8,0.0,0,2,1,0,1,2
2025-01-13,3,0,30.7,0.1,0,2,3,0,0,4
2025-01-13,4,0,32.4,0.0,0,3,1,1,0,3
2025-01-13,5,0,33.7,3.2,0,3,3,1,1,3
2025-01-13,6,0,28.6,3.4,0,2,4,1,1,4
2025-01-13,7,0,27.5,0.0,0,1,1,1,2,4
2025-01-13,8,0,22.6,0.0,0,1,3,3,2,4
2025-01-13,9,0,26.5,0.0,0,3,5,2,1,4
2025-01-13,10,0,24.1,0.0,0,6,9,3,3,12
2025-01-13,11,0,26.1,0.0,0,9,13,6,5,16
2025-01-13,12,0,24.8,0.0,0,15,20,9,8,21
2025-01-13,13,0,20.5,4.6,0,20,27,13,10,30
2025-01-13,14,0,23.7,0.0,0,14,17,10,6,21
2025-01-13,15,0,17.8,0.0,0,11,15,7,5,20
2025-01-13,16,0,19.8,3.2,0,11,14,7,8,19
2025-01-13,17,0,25.8,0.0,0,9,13,5,4,19
2025-01-13,18,0,26.5,0.0,1,35,45,24,21,62
2025-01-13,19,0,25.9,0.7,1,43,59,34,20,74
2025-01-13,20,0,28.7,1.7,1,44,69,30,26,89
2025-01-13,21,0,26.6,0.0,1,46,52,29,20,70
2025-01-13,22,0,28.9,0.0,1,31,40,24,19,59
2025-01-13,23,0,32.2,3.7,0,9,15,6,4,19
2025-01-14,0,1,31.0,0.0,0,1,3,1,1,2
2025-01-14,1,1,30.1,0.0,0,2,2,0,2,2
2025-01-14,2,1,33.7,0.0,0,3,1,0,1,2
2025-01-14,3,1,30.2,0.0,0,3,2,0,0,3
2025-01-14,4,1,32.4,0.0,0,3,2,3,1,3
2025-01-14,5,1,34.5,0.0,0,1,2,0,1,3
2025-01-14,6,1,26.2,0.0,0,1,1,2,1,4
2025-01-14,7,1,31.5,0.0,0,1,3,2,0,2
2025-01-14,8,1,27.8,0.0,0,2,3,2,1,5
2025-01-14,9,1,23.7,0.0,0,4,4,1,2,5
2025-01-14,10,1,24.9,0.0,0,7,8,5,4,10
2025-01-14,11,1,25.1,0.0,0,10,12,5,4,14
2025-01-14,12,1,21.3,0.0,0,13,20,7,7,20
2025-01-14,13,1,23.3,0.0,0,14,21,10,6,24
2025-01-14,14,1,25.4,0.0,0,14,22,10,6,26
2025-01-14,15,1,21.4,0.0,0,10,16,7,5,18
2025-01-14,16,1,20.9,0.0,0,10,11,7,4,15
2025-01-14,17,1,23.4,0.0,0,10,13,5,6,16
2025-01-14,18,1,24.8,0.0,0,12,15,6,7,19
2025-01-14,19,1,28.1,0.0,0,12,20,7,8,26
2025-01-14,20,1,26.9,0.0,0,14,25,9,7,25
2025-01-14,21,1,27.7,0.8,0,12,17,9,8,24
2025-01-14,22,1,31.4,0.0,0,9,14,6,8,23
2025-01-14,23,1,26.1,0.0,0,6,12,7,3,12
2025-01-15,0,2,34.3,0.0,0,3,1,0,1,3
2025-01-15,1,2,30.6,0.0,0,2,1,3,0,3
2025-01-15,2,2,30.1,0.0,0,3,3,1,1,4
2025-01-15,3,2,31.9,0.0,0,1,2,2,0,3
2025-01-15,4,2,33.3,0.0,0,2,1,3,0,2
2025-01-15,5,2,30.6,0.0,0,2,3,2,0,2
2025-01-15,6,2,27.9,0.0,0,2,1,0,1,2
2025-01-15,7,2,29.7,0.0,0,1,3,2,0,2
2025-01-15,8,2,25.8,0.0,0,1,3,2,1,3
2025-01-15,9,2,25.8,0.0,0,3,3,2,3,4
2025-01-15,10,2,23.5,0.0,0,6,8,5,5,10
2025-01-15,11,2,24.1,0.0,0,8,12,6,5,17
2025-01-15,12,2,22.8,0.0,0,15,16,9,7,21
2025-01-15,13,2,22.9,1.3,0,18,23,11,7,26
2025-01-15,14,2,21.0,0.0,0,16,17,8,8,22
2025-01-15,15,2,22.8,0.0,0,10,15,6,7,17
2025-01-15,16,2,17.8,0.0,0,13,11,7,5,17
2025-01-15,17,2,26.0,0.0,0,10,14,6,5,17
2025-01-15,18,2,24.2,0.0,0,13,18,8,6,18
2025-01-15,19,2,25.3,0.0,0,13,16,7,8,25
2025-01-15,20,2,24.6,0.0,0,12,20,8,8,24
2025-01-15,21,2,27.1,0.0,0,13,18,7,6,25
2025-01-15,22,2,31.8,0.5,0,10,15,9,7,19
2025-01-15,23,2,33.5,0.0,0,6,11,5,3,18
2025-01-16,0,3,32.1,0.0,0,2,2,3,1,3
2025-01-16,1,3,32.1,0.0,0,3,3,0,2,4
2025-01-16,2,3,31.9,0.0,0,1,3,0,2,3
2025-01-16,3,3,31.9,0.0,0,3,1,1,1,3
2025-01-16,4,3,32.4,0.0,0,3,2,1,1,4
2025-01-16,5,3,31.6,0.0,0,4,1,1,1,2
2025-01-16,6,3,28.7,0.0,0,2,2,0,0,3
2025-01-16,7,3,27.0,0.2,0,2,5,0,0,5
2025-01-16,8,3,28.2,0.0,0,3,3,2,1,5
2025-01-16,9,3,23.8,0.0,0,4,4,1,3,7
2025-01-16,10,3,24.0,0.0,0,6,7,3,3,9
2025-01-16,11,3,26.1,0.0,0,9,12,5,5,17
2025-01-16,12,3,20.1,0.0,0,11,18,10,6,23
2025-01-16,13,3,23.9,0.0,0,15,19,9,7,24
2025-01-16,14,3,18.4,0.0,0,13,20,10,7,22
2025-01-16,15,3,26.1,0.0,0,11,16,6,5,19
2025-01-16,16,3,22.1,0.0,0,11,11,5,5,17
2025-01-16,17,3,24.8,0.0,0,9,14,5,5,18
2025-01-16,18,3,25.3,0.0,0,13,16,7,8,18
2025-01-16,19,3,26.6,0.6,0,15,19,9,6,25
2025-01-16,20,3,31.9,0.0,0,15,20,8,8,28
2025-01-16,21,3,30.2,0.0,0,13,18,8,6,25
2025-01-16,22,3,27.5,0.0,0,10,12,6,7,18
2025-01-16,23,3,31.3,4.9,0,8,13,5,4,17
2025-01-17,0,4,32.4,1.6,0,1,2,2,1,3
2025-01-17,1,4,30.6,0.0,0,1,4,1,0,3
2025-01-17,2,4,31.8,0.3,0,2,2,2,0,3
2025-01-17,3,4,33.6,0.0,0,3,2,0,2,2
2025-01-17,4,4,32.6,0.0,0,2,2,2,1,3
2025-01-17,5,4,33.2,0.0,0,3,1,1,1,3
2025-01-17,6,4,26.5,0.0,0,1,3,0,4,2
2025-01-17,7,4,26.5,0.4,0,3,1,1,1,4
2025-01-17,8,4,27.0,0.0,0,2,3,1,0,3
2025-01-17,9,4,26.8,1.0,0,2,5,2,2,5
2025-01-17,10,4,23.4,0.0,0,5,8,3,3,11
2025-01-17,11,4,21.5,1.7,0,11,13,7,7,19
2025-01-17,12,4,27.6,0.0,0,12,17,8,6,26
2025-01-17,13,4,22.3,0.0,0,13,21,8,9,23
2025-01-17,14,4,23.9,1.4,0,16,21,9,6,24
2025-01-17,15,4,19.9,0.0,0,10,17,7,6,22
2025-01-17,16,4,25.7,0.2,0,10,11,5,5,14
2025-01-17,17,4,22.8,0.0,1,29,38,17,19,48
2025-01-17,18,4,29.2,0.0,1,41,45,25,21,62
2025-01-17,19,4,26.3,3.4,1,50,72,33,23,91
2025-01-17,20,4,29.0,1.8,1,49,65,34,25,91
2025-01-17,21,4,31.0,0.0,1,41,54,25,22,79
2025-01-17,22,4,27.6,0.0,1,32,42,22,17,53
2025-01-17,23,4,30.8,0.0,0,6,10,5,6,15
2025-01-18,0,5,33.8,0.0,0,5,5,2,3,7
2025-01-18,1,5,34.0,0.0,0,4,5,4,2,8
2025-01-18,2,5,32.0,0.0,0,5,4,2,4,7
2025-01-18,3,5,34.0,0.0,0,4,4,2,2,6
2025-01-18,4,5,33.9,2.4,0,3,5,3,2,8
2025-01-18,5,5,31.7,0.0,0,4,7,3,3,6
2025-01-18,6,5,30.3,0.0,0,4,5,3,3,6
2025-01-18,7,5,30.5,0.0,0,5,6,3,4,6
2025-01-18,8,5,29.8,1.8,0,5,7,4,5,10
2025-01-18,9,5,25.6,0.0,0,7,10,4,4,14
2025-01-18,10,5,23.3,0.0,0,12,21,11,9,24
2025-01-18,11,5,26.9,0.8,0,25,34,14,18,41
2025-01-18,12,5,26.4,0.0,0,30,44,24,21,60
2025-01-18,13,5,23.4,0.0,0,36,52,27,29,64
2025-01-18,14,5,23.4,0.0,0,36,44,22,25,58
2025-01-18,15,5,24.8,4.1,0,37,47,21,25,63
2025-01-18,16,5,25.0,0.0,0,22,34,15,15,39
2025-01-18,17,5,24.4,0.0,1,80,95,50,48,121
2025-01-18,18,5,27.8,0.0,1,86,119,60,61,153
2025-01-18,19,5,25.2,0.0,1,102,143,64,69,170
2025-01-18,20,5,29.7,0.0,1,120,148,73,74,202
2025-01-18,21,5,29.8,0.0,1,102,130,68,69,180
2025-01-18,22,5,27.0,0.0,1,80,116,57,59,139
2025-01-18,23,5,27.9,0.0,0,21,23,13,13,34
2025-01-19,0,6,31.8,0.0,0,4,4,5,2,7
2025-01-19,1,6,31.3,0.0,0,4,5,4,2,5
2025-01-19,2,6,29.2,0.0,0,4,6,3,2,7
2025-01-19,3,6,30.5,0.0,0,5,4,2,4,5
2025-01-19,4,6,32.0,0.0,0,3,7,2,4,7
2025-01-19,5,6,29.9,0.0,0,3,4,2,2,6
2025-01-19,6,6,35.2,0.0,0,4,4,3,2,9
2025-01-19,7,6,28.0,0.0,0,3,5,3,3,9
2025-01-19,8,6,30.4,0.0,0,6,7,3,5,8
2025-01-19,9,6,30.0,0.0,0,10,9,5,5,14
2025-01-19,10,6,24.5,0.0,0,13,17,8,9,24
2025-01-19,11,6,23.3,0.0,0,23,32,15,16,40
2025-01-19,12,6,22.7,0.0,0,35,46,22,22,54
2025-01-19,13,6,22.9,0.0,0,33,48,25,23,64
2025-01-19,14,6,22.3,0.0,0,36,51,21,23,56
2025-01-19,15,6,20.9,0.0,0,29,36,21,18,45
2025-01-19,16,6,24.4,0.0,0,24,35,14,16,40
2025-01-19,17,6,23.8,0.0,1,77,97,54,49,125
2025-01-19,18,6,30.3,0.0,1,92,125,62,60,163
2025-01-19,19,6,28.6,4.2,1,136,179,94,92,234
2025-01-19,20,6,26.8,0.0,1,114,144,73,75,202
2025-01-19,21,6,28.6,0.0,1,99,132,66,76,189
2025-01-19,22,6,31.1,0.0,1,89,115,55,58,153
2025-01-19,23,6,32.3,0.0,0,20,25,14,14,37
2025-01-20,0,0,32.2,0.0,0,1,1,0,0,4
2025-01-20,1,0,31.4,2.6,0,1,2,1,1,2
2025-01-20,2,0,31.5,2.3,0,1,1,1,0,2
2025-01-20,3,0,33.0,3.8,0,2,4,4,0,3
2025-01-20,4,0,25.6,0.0,0,3,1,2,1,5
2025-01-20,5,0,30.0,0.0,0,3,2,1,1,2
2025-01-20,6,0,33.4,0.0,0,1,1,0,1,3
2025-01-20,7,0,27.2,4.2,0,3,2,2,1,3
2025-01-20,8,0,29.4,0.0,0,2,2,1,0,3
2025-01-20,9,0,29.1,0.0,0,3,3,1,3,5
2025-01-20,10,0,27.4,0.0,0,5,7,4,3,10
2025-01-20,11,0,25.7,0.0,0,9,12,6,5,16
2025-01-20,12,0,26.6,4.3,0,16,24,11,7,28
2025-01-20,13,0,24.7,0.0,0,13,23,9,6,25
2025-01-20,14,0,22.5,0.0,0,15,17,9,6,24
2025-01-20,15,0,21.7,3.4,0,12,19,10,8,20
2025-01-20,16,0,23.9,0.7,0,11,11,7,5,15
2025-01-20,17,0,27.2,0.0,0,8,15,6,5,18
2025-01-20,18,0,25.8,2.0,0,12,17,8,6,21
2025-01-20,19,0,27.1,0.0,0,15,16,8,8,23
2025-01-20,20,0,27.6,0.0,0,18,24,8,7,26
2025-01-20,21,0,29.9,0.0,0,13,17,7,8,25
2025-01-20,22,0,30.5,0.0,0,11,16,9,6,18
2025-01-20,23,0,32.3,0.0,0,7,11,6,4,13
2025-01-21,0,1,31.8,0.0,0,3,3,0,1,2
2025-01-21,1,1,33.6,0.0,0,2,1,2,2,3
2025-01-21,2,1,33.6,0.0,0,2,4,0,0,3
2025-01-21,3,1,31.8,0.0,0,2,2,3,1,2
2025-01-21,4,1,31.6,0.0,0,1,2,1,0,2
2025-01-21,5,1,32.7,0.0,0,1,1,0,0,3
2025-01-21,6,1,30.6,0.0,0,2,3,1,1,4
2025-01-21,7,1,25.6,0.0,0,2,3,0,2,2
2025-01-21,8,1,25.0,0.0,0,1,3,2,1,5
2025-01-21,9,1,26.3,0.0,0,2,3,4,1,4
2025-01-21,10,1,23.4,0.0,0,8,7,3,3,8
2025-01-21,11,1,24.5,0.0,0,11,15,5,4,16
2025-01-21,12,1,26.3,0.0,0,12,18,7,8,21
2025-01-21,13,1,26.2,0.0,0,16,19,8,7,28
2025-01-21,14,1,22.9,0.0,0,19,22,10,8,24
2025-01-21,15,1,21.3,0.0,0,12,15,7,6,18
2025-01-21,16,1,21.6,0.0,0,11,15,6,4,14
2025-01-21,17,1,28.2,0.0,0,9,11,5,4,17
2025-01-21,18,1,27.7,0.0,1,37,47,29,22,60
2025-01-21,19,1,26.7,0.0,1,45,53,31,21,74
2025-01-21,20,1,28.5,0.0,1,44,59,30,23,74
2025-01-21,21,1,29.2,0.0,1,43,61,26,20,78
2025-01-21,22,1,31.9,0.0,1,34,48,22,19,66
2025-01-21,23,1,31.9,0.0,0,6,11,6,4,14
2025-01-22,0,2,34.3,0.0,0,2,4,0,0,3
2025-01-22,1,2,34.8,0.0,0,1,2,1,0,2
2025-01-22,2,2,31.6,5.1,0,2,5,2,2,4
2025-01-22,3,2,34.0,0.0,0,1,1,1,0,3
2025-01-22,4,2,32.7,0.0,0,2,1,1,1,3
2025-01-22,5,2,35.0,0.0,0,3,2,1,1,4
2025-01-22,6,2,29.7,0.0,0,3,1,1,2,3
2025-01-22,7,2,33.4,0.0,0,1,1,1,0,3
2025-01-22,8,2,28.8,0.0,0,1,2,2,0,5
2025-01-22,9,2,25.9,0.0,0,2,4,1,1,5
2025-01-22,10,2,25.1,0.2,0,6,7,4,3,13
2025-01-22,11,2,21.2,0.0,0,11,16,5,4,17
2025-01-22,12,2,29.2,0.0,0,12,17,8,7,24
2025-01-22,13,2,22.7,0.0,0,16,19,8,7,24
2025-01-22,14,2,24.3,1.3,0,15,21,10,8,28
2025-01-22,15,2,24.7,0.0,0,10,15,7,5,16
2025-01-22,16,2,24.2,0.0,0,10,15,6,6,16
2025-01-22,17,2,22.7,0.0,0,11,12,5,4,17
2025-01-22,18,2,25.6,0.0,0,10,14,7,5,21
2025-01-22,19,2,27.3,0.0,0,13,18,8,6,21
2025-01-22,20,2,28.0,0.2,0,14,21,10,7,29
2025-01-22,21,2,28.5,0.0,0,13,18,8,7,25
2025-01-22,22,2,31.4,0.0,0,10,14,6,6,22
2025-01-22,23,2,29.9,0.0,0,6,10,5,4,15
2025-01-23,0,3,32.0,0.0,0,1,1,0,1,2
2025-01-23,1,3,32.6,0.0,0,3,2,0,1,3
2025-01-23,2,3,37.3,0.0,0,2,2,0,2,2
2025-01-23,3,3,34.2,0.0,0,1,2,2,1,3
2025-01-23,4,3,31.9,0.0,0,3,2,2,0,2
2025-01-23,5,3,34.4,4.5,0,2,3,2,0,4
2025-01-23,6,3,33.8,0.0,0,1,1,0,2,4
2025-01-23,7,3,30.4,0.0,0,3,1,0,0,3
2025-01-23,8,3,32.2,0.1,0,3,3,1,1,3
2025-01-23,9,3,27.8,0.0,0,4,5,1,2,4
2025-01-23,10,3,24.1,0.0,0,7,6,3,3,10
2025-01-23,11,3,24.1,0.0,0,11,14,6,4,16
2025-01-23,12,3,30.3,0.0,0,14,20,7,7,23
2025-01-23,13,3,23.7,0.0,0,14,22,8,9,26
2025-01-23,14,3,21.4,0.0,0,17,20,10,8,24
2025-01-23,15,3,25.0,0.1,0,9,19,7,6,21
2025-01-23,16,3,23.9,0.0,0,11,12,8,5,14
2025-01-23,17,3,21.8,0.0,0,9,13,5,5,14
2025-01-23,18,3,25.2,0.0,0,12,15,7,8,18
2025-01-23,19,3,30.6,0.0,0,14,18,7,7,26
2025-01-23,20,3,29.1,0.0,0,13,19,11,6,24
2025-01-23,21,3,32.1,0.0,0,14,16,12,6,22
2025-01-23,22,3,33.4,0.0,0,10,17,6,6,20
2025-01-23,23,3,32.2,0.0,0,7,11,4,3,17
2025-01-24,0,4,34.5,0.0,0,2,2,1,1,3
2025-01-24,1,4,30.5,2.0,0,1,3,1,3,2
2025-01-24,2,4,36.6,2.5,0,2,4,0,0,4
2025-01-24,3,4,35.2,0.0,0,1,3,3,0,3
2025-01-24,4,4,32.1,0.0,0,1,2,1,3,4
2025-01-24,5,4,31.0,3.9,0,2,2,1,0,2
2025-01-24,6,4,28.1,0.0,0,1,1,1,1,5
2025-01-24,7,4,30.0,0.0,0,1,5,1,1,3
2025-01-24,8,4,24.4,0.0,0,1,4,1,0,5
2025-01-24,9,4,28.0,1.0,0,4,4,3,1,5
2025-01-24,10,4,23.8,0.0,0,6,6,5,5,9
2025-01-24,11,4,27.6,7.0,0,12,15,10,6,22
2025-01-24,12,4,21.4,0.4,0,12,19,8,6,24
2025-01-24,13,4,23.5,0.0,0,14,18,8,8,22
2025-01-24,14,4,25.8,0.0,0,13,17,9,7,27
2025-01-24,15,4,23.0,1.9,0,11,14,7,7,18
2025-01-24,16,4,22.8,0.1,0,10,15,6,4,13
2025-01-24,17,4,26.4,0.0,1,31,39,19,15,51
2025-01-24,18,4,25.7,0.0,1,36,45,23,17,56
2025-01-24,19,4,31.7,0.0,1,44,52,28,25,84
2025-01-24,20,4,30.9,0.2,1,44,57,27,23,87
2025-01-24,21,4,30.6,0.1,1,41,57,27,21,73
2025-01-24,22,4,32.8,0.3,1,30,48,25,18,65
2025-01-24,23,4,32.5,0.0,0,6,10,4,5,14
2025-01-25,0,5,33.0,0.0,0,4,5,3,3,7
2025-01-25,1,5,34.7,0.3,0,5,6,3,3,8
2025-01-25,2,5,35.8,0.0,0,4,4,7,3,7
2025-01-25,3,5,34.5,0.0,0,4,6,4,4,8
2025-01-25,4,5,37.5,0.0,0,5,4,6,3,6
2025-01-25,5,5,32.3,0.7,0,5,5,2,2,6
2025-01-25,6,5,29.6,0.0,0,3,5,2,3,5
2025-01-25,7,5,31.6,0.0,0,5,4,5,3,6
2025-01-25,8,5,29.6,0.0,0,5,5,4,4,9
2025-01-25,9,5,26.4,0.0,0,7,12,4,5,17
2025-01-25,10,5,27.6,0.0,0,15,23,9,10,26
2025-01-25,11,5,23.6,0.0,0,25,30,15,17,38
2025-01-25,12,5,24.6,0.0,0,29,43,20,20,57
2025-01-25,13,5,28.2,0.0,0,43,50,23,24,67
2025-01-25,14,5,23.1,0.0,0,39,49,22,23,66
2025-01-25,15,5,24.3,0.0,0,28,40,18,20,51
2025-01-25,16,5,22.5,0.0,0,22,36,14,19,43
2025-01-25,17,5,26.8,0.0,1,78,98,49,46,134
2025-01-25,18,5,25.0,0.0,1,85,125,59,64,147
2025-01-25,19,5,28.3,0.0,1,106,141,65,71,182
2025-01-25,20,5,31.0,0.0,1,108,145,79,77,209
2025-01-25,21,5,29.8,0.0,1,106,144,71,69,190
2025-01-25,22,5,32.6,0.0,1,81,117,56,57,161
2025-01-25,23,5,33.3,0.0,0,21,27,12,14,40
2025-01-26,0,6,35.6,0.0,0,4,5,3,2,7
2025-01-26,1,6,35.1,0.0,0,3,5,2,3,8
2025-01-26,2,6,36.8,0.0,0,3,5,4,2,9
2025-01-26,3,6,33.5,0.0,0,4,5,2,3,8
2025-01-26,4,6,30.9,0.0,0,6,4,2,2,7
2025-01-26,5,6,29.4,0.0,0,5,6,2,2,9
2025-01-26,6,6,28.6,0.0,0,4,6,4,5,5
2025-01-26,7,6,29.9,0.0,0,4,5,4,2,8
2025-01-26,8,6,29.5,0.0,0,5,6,2,4,8
2025-01-26,9,6,26.5,0.0,0,8,11,4,5,13
2025-01-26,10,6,22.2,0.0,0,15,17,8,9,26
2025-01-26,11,6,24.3,0.0,0,22,31,14,17,37
2025-01-26,12,6,23.9,0.0,0,36,41,19,23,55
2025-01-26,13,6,24.3,0.0,0,41,51,29,26,67
2025-01-26,14,6,27.1,0.0,0,33,56,24,22,58
2025-01-26,15,6,20.7,0.0,0,32,35,16,20,48
2025-01-26,16,6,26.2,0.0,0,21,33,15,15,46
2025-01-26,17,6,26.8,0.0,1,74,101,52,51,131
2025-01-26,18,6,26.2,0.0,1,91,117,58,63,154
2025-01-26,19,6,28.7,5.4,1,134,189,92,94,239
2025-01-26,20,6,27.7,0.0,1,114,147,77,78,192
2025-01-26,21,6,29.9,0.0,1,105,146,70,74,193
2025-01-26,22,6,29.7,0.0,1,80,114,60,54,160
2025-01-26,23,6,30.5,0.0,0,21,29,14,12,38
2025-01-27,0,0,35.5,0.0,0,2,2,0,0,4
2025-01-27,1,0,31.0,1.1,0,3,2,1,0,2
2025-01-27,2,0,34.1,0.0,0,1,2,3,1,2
2025-01-27,3,0,33.8,1.5,0,1,2,0,0,2
2025-01-27,4,0,32.5,0.0,0,4,1,1,1,3
2025-01-27,5,0,33.5,6.6,0,2,3,3,0,4
2025-01-27,6,0,34.6,0.0,0,2,2,1,0,2
2025-01-27,7,0,30.5,2.0,0,2,3,1,1,6
2025-01-27,8,0,29.6,0.0,0,1,4,1,0,4
2025-01-27,9,0,29.1,0.0,0,3,4,2,3,6
2025-01-27,10,0,25.4,0.0,0,5,8,3,3,11
2025-01-27,11,0,24.5,0.0,0,8,13,5,6,15
2025-01-27,12,0,22.5,0.0,0,15,19,9,8,23
2025-01-27,13,0,23.1,3.5,0,19,21,13,8,33
2025-01-27,14,0,28.0,2.0,0,14,21,10,7,25
2025-01-27,15,0,22.8,0.0,0,10,17,6,8,18
2025-01-27,16,0,22.6,0.0,0,9,14,8,4,15
2025-01-27,17,0,26.4,0.0,0,11,11,6,5,16
2025-01-27,18,0,26.5,2.1,0,12,18,8,7,21
2025-01-27,19,0,27.8,0.0,0,12,19,9,8,24
2025-01-27,20,0,26.3,0.0,0,14,21,10,7,29
2025-01-27,21,0,31.2,0.0,0,12,15,9,8,26
2025-01-27,22,0,32.5,2.4,0,11,16,11,6,28
2025-01-27,23,0,32.9,0.0,0,8,12,5,6,16
2025-01-28,0,1,37.2,0.0,0,2,1,2,0,2
2025-01-28,1,1,33.2,0.0,0,2,2,1,0,3
2025-01-28,2,1,35.6,0.0,0,4,1,0,3,3
2025-01-28,3,1,37.6,0.2,0,3,2,0,2,2
2025-01-28,4,1,31.6,0.0,0,1,2,3,1,2
2025-01-28,5,1,31.6,1.5,0,1,2,0,0,3
2025-01-28,6,1,32.4,0.0,0,2,1,1,1,2
2025-01-28,7,1,27.7,0.0,0,1,1,0,2,4
2025-01-28,8,1,25.5,0.0,0,3,3,2,2,3
2025-01-28,9,1,28.9,0.0,0,2,3,1,2,6
2025-01-28,10,1,30.3,0.0,0,6,6,7,2,14
2025-01-28,11,1,26.8,1.7,0,12,13,6,5,17
2025-01-28,12,1,23.2,0.0,0,12,16,8,8,23
2025-01-28,13,1,25.9,1.2,0,16,21,9,8,28
2025-01-28,14,1,23.0,0.0,0,14,18,9,7,23
2025-01-28,15,1,27.1,0.0,0,11,15,6,6,19
2025-01-28,16,1,23.0,0.0,0,11,11,5,6,13
2025-01-28,17,1,25.3,0.0,0,8,12,7,4,19
2025-01-28,18,1,29.4,0.0,1,34,43,20,16,64
2025-01-28,19,1,28.5,0.0,1,45,55,28,20,82
2025-01-28,20,1,29.9,0.0,1,44,60,31,22,87
2025-01-28,21,1,30.2,0.0,1,45,53,27,18,78
2025-01-28,22,1,33.4,0.7,1,41,41,22,19,62
2025-01-28,23,1,34.9,0.0,0,7,10,6,3,19
2025-01-29,0,2,32.6,0.0,0,2,3,5,2,2
2025-01-29,1,2,34.0,0.0,0,2,2,0,1,4
2025-01-29,2,2,32.9,0.0,0,1,2,1,0,3
2025-01-29,3,2,31.3,0.0,0,1,1,3,0,5
2025-01-29,4,2,35.6,0.0,0,1,4,4,0,2
2025-01-29,5,2,33.2,0.0,0,2,2,0,1,2
2025-01-29,6,2,31.4,0.0,0,2,1,2,1,2
2025-01-29,7,2,31.9,0.0,0,1,2,1,0,2
2025-01-29,8,2,28.8,0.0,0,3,2,2,1,4
2025-01-29,9,2,30.7,0.0,0,3,4,1,4,8
2025-01-29,10,2,28.3,0.0,0,5,8,4,3,8
2025-01-29,11,2,27.3,1.0,0,10,13,7,4,19
2025-01-29,12,2,26.4,0.0,0,12,18,9,7,23
2025-01-29,13,2,23.0,0.0,0,16,19,12,8,26
2025-01-29,14,2,26.8,0.0,0,15,17,11,6,21
2025-01-29,15,2,25.8,0.0,0,12,14,6,7,20
2025-01-29,16,2,25.3,0.0,0,10,13,6,4,17
2025-01-29,17,2,27.7,0.0,0,12,14,6,6,16
2025-01-29,18,2,27.2,0.0,0,10,14,8,8,20
2025-01-29,19,2,25.7,0.0,0,11,16,8,6,23
2025-01-29,20,2,28.4,0.3,0,13,19,10,7,29
2025-01-29,21,2,30.6,0.0,0,14,17,9,7,28
2025-01-29,22,2,33.2,0.0,0,11,14,6,6,21
2025-01-29,23,2,33.3,0.0,0,6,11,4,4,18
2025-01-30,0,3,28.3,0.0,0,1,1,0,0,2
2025-01-30,1,3,35.2,0.0,0,3,1,0,1,4
2025-01-30,2,3,35.9,0.0,0,1,3,1,1,2
2025-01-30,3,3,32.1,0.0,0,3,1,0,0,2
2025-01-30,4,3,32.7,0.0,0,5,3,1,2,3
2025-01-30,5,3,33.2,2.4,0,2,1,0,1,3
2025-01-30,6,3,31.1,0.0,0,3,2,2,2,3
2025-01-30,7,3,30.5,1.4,0,3,2,1,1,4
2025-01-30,8,3,26.7,0.0,0,3,2,2,1,5
2025-01-30,9,3,30.3,0.0,0,4,5,1,1,6
2025-01-30,10,3,25.2,0.0,0,6,6,6,3,10
2025-01-30,11,3,25.8,0.0,0,9,16,5,6,15
2025-01-30,12,3,24.4,0.0,0,14,16,7,8,22
2025-01-30,13,3,22.6,0.0,0,14,20,9,8,23
2025-01-30,14,3,26.5,1.1,0,14,18,11,7,26
2025-01-30,15,3,26.5,0.0,0,11,18,6,6,19
2025-01-30,16,3,24.4,0.0,0,9,10,5,8,15
2025-01-30,17,3,27.0,0.0,0,8,15,5,5,17
2025-01-30,18,3,27.3,0.0,0,12,17,7,5,21
2025-01-30,19,3,29.7,0.0,0,11,21,9,6,24
2025-01-30,20,3,32.2,1.3,0,17,19,12,8,30
2025-01-30,21,3,30.8,0.0,0,11,18,8,7,26
2025-01-30,22,3,34.6,0.0,0,9,12,9,7,23
2025-01-30,23,3,31.6,0.0,0,7,12,6,5,13
